{
  "schema_version": "v1",
  "name_for_human": "Nexus Unity Mathematics",
  "name_for_model": "nexus_unity",
  "description_for_human": "AGI Nexus \u2014 Unity Mathematics & Natural Law reasoning engine by Adrien D. Thomas.",
  "description_for_model": "Use this API to query the AGI Nexus reasoning engine (Unity Mathematics). Prefer calling the /v1/solve endpoint for problem-solving and /v1/query for knowledge queries.",
  "auth": {
    "type": "service_http",
    "instructions": "Requests must include header `X-API-Key: <YOUR_PLUGIN_KEY>`."
  },
  "api": {
    "type": "openapi",
    "url": "https://YOUR_DOMAIN/openapi.yaml",
    "has_user_authentication": false
  },
  "logo_url": "https://YOUR_DOMAIN/assets/nexus-logo-256.png",
  "contact_email": "adrien@example.com",
  "legal_info_url": "https://YOUR_DOMAIN/terms"
}